2024-03-09 23:46:03.084623,This
2024-03-09 23:46:03.084623,is
2024-03-09 23:46:03.084623,a
2024-03-09 23:46:03.084623,paragraph.
2024-03-09 23:46:03.084623,It
2024-03-09 23:46:03.084623,contains
2024-03-09 23:46:03.084623,multiple
2024-03-09 23:46:03.084623,sentences,
2024-03-09 23:46:03.084623,with
2024-03-09 23:46:03.084623,each
2024-03-09 23:46:03.084623,sentence
2024-03-09 23:46:03.084623,containing
2024-03-09 23:46:03.084623,multiple
2024-03-09 23:46:03.084623,words.
2024-03-09 23:46:03.084623,Each
2024-03-09 23:46:03.084623,sentence
2024-03-09 23:46:03.084623,starts
2024-03-09 23:46:03.084623,with
2024-03-09 23:46:03.084623,a
2024-03-09 23:46:03.084623,capital
2024-03-09 23:46:03.084623,letter
2024-03-09 23:46:03.084623,and
2024-03-09 23:46:03.084623,ends
2024-03-09 23:46:03.084623,with
2024-03-09 23:46:03.084623,a
2024-03-09 23:46:03.084623,full
2024-03-09 23:46:03.084623,stop.
2024-03-09 23:46:03.941698,This
2024-03-09 23:46:03.941698,is
2024-03-09 23:46:03.941698,a
2024-03-09 23:46:03.941698,paragraph.
2024-03-09 23:46:03.941698,It
2024-03-09 23:46:03.941698,contains
2024-03-09 23:46:03.941698,multiple
2024-03-09 23:46:03.941698,sentences,
2024-03-09 23:46:03.941698,with
2024-03-09 23:46:03.941698,each
2024-03-09 23:46:03.941698,sentence
2024-03-09 23:46:03.941698,containing
2024-03-09 23:46:03.941698,multiple
2024-03-09 23:46:03.941698,words.
2024-03-09 23:46:03.941698,Each
2024-03-09 23:46:03.941698,sentence
2024-03-09 23:46:03.941698,starts
2024-03-09 23:46:03.941698,with
2024-03-09 23:46:03.941698,a
2024-03-09 23:46:03.941698,capital
2024-03-09 23:46:03.941698,letter
2024-03-09 23:46:03.941698,and
2024-03-09 23:46:03.941698,ends
2024-03-09 23:46:03.941698,with
2024-03-09 23:46:03.941698,a
2024-03-09 23:46:03.941698,full
2024-03-09 23:46:03.941698,stop.
2024-03-09 23:46:04.783308,This
2024-03-09 23:46:04.783308,is
2024-03-09 23:46:04.783308,a
2024-03-09 23:46:04.783308,paragraph.
2024-03-09 23:46:04.783308,It
2024-03-09 23:46:04.783308,contains
2024-03-09 23:46:04.783308,multiple
2024-03-09 23:46:04.783308,sentences,
2024-03-09 23:46:04.783308,with
2024-03-09 23:46:04.783308,each
2024-03-09 23:46:04.783308,sentence
2024-03-09 23:46:04.783308,containing
2024-03-09 23:46:04.783308,multiple
2024-03-09 23:46:04.783308,words.
2024-03-09 23:46:04.783308,Each
2024-03-09 23:46:04.783308,sentence
2024-03-09 23:46:04.783308,starts
2024-03-09 23:46:04.783308,with
2024-03-09 23:46:04.783308,a
2024-03-09 23:46:04.783308,capital
2024-03-09 23:46:04.783308,letter
2024-03-09 23:46:04.783308,and
2024-03-09 23:46:04.783308,ends
2024-03-09 23:46:04.783308,with
2024-03-09 23:46:04.783308,a
2024-03-09 23:46:04.783308,full
2024-03-09 23:46:04.783308,stop.
2024-03-09 23:46:05.638155,This
2024-03-09 23:46:05.638155,is
2024-03-09 23:46:05.638155,a
2024-03-09 23:46:05.638155,paragraph.
2024-03-09 23:46:05.638155,It
2024-03-09 23:46:05.638155,contains
2024-03-09 23:46:05.638155,multiple
2024-03-09 23:46:05.638155,sentences,
2024-03-09 23:46:05.638155,with
2024-03-09 23:46:05.638155,each
2024-03-09 23:46:05.638155,sentence
2024-03-09 23:46:05.638155,containing
2024-03-09 23:46:05.638155,multiple
2024-03-09 23:46:05.638155,words.
2024-03-09 23:46:05.638155,Each
2024-03-09 23:46:05.638155,sentence
2024-03-09 23:46:05.638155,starts
2024-03-09 23:46:05.638155,with
2024-03-09 23:46:05.638155,a
2024-03-09 23:46:05.638155,capital
2024-03-09 23:46:05.638155,letter
2024-03-09 23:46:05.638155,and
2024-03-09 23:46:05.638155,ends
2024-03-09 23:46:05.638155,with
2024-03-09 23:46:05.638155,a
2024-03-09 23:46:05.638155,full
2024-03-09 23:46:05.638155,stop.
2024-03-09 23:46:06.471830,This
2024-03-09 23:46:06.471830,is
2024-03-09 23:46:06.471830,a
2024-03-09 23:46:06.471830,paragraph.
2024-03-09 23:46:06.471830,It
2024-03-09 23:46:06.471830,contains
2024-03-09 23:46:06.471830,multiple
2024-03-09 23:46:06.471830,sentences,
2024-03-09 23:46:06.471830,with
2024-03-09 23:46:06.471830,each
2024-03-09 23:46:06.471830,sentence
2024-03-09 23:46:06.471830,containing
2024-03-09 23:46:06.471830,multiple
2024-03-09 23:46:06.471830,words.
2024-03-09 23:46:06.471830,Each
2024-03-09 23:46:06.471830,sentence
2024-03-09 23:46:06.471830,starts
2024-03-09 23:46:06.471830,with
2024-03-09 23:46:06.471830,a
2024-03-09 23:46:06.471830,capital
2024-03-09 23:46:06.471830,letter
2024-03-09 23:46:06.471830,and
2024-03-09 23:46:06.471830,ends
2024-03-09 23:46:06.471830,with
2024-03-09 23:46:06.472830,a
2024-03-09 23:46:06.472830,full
2024-03-09 23:46:06.472830,stop.
2024-03-09 23:46:07.270698,This
2024-03-09 23:46:07.270698,is
2024-03-09 23:46:07.270698,a
2024-03-09 23:46:07.270698,paragraph.
2024-03-09 23:46:07.270698,It
2024-03-09 23:46:07.270698,contains
2024-03-09 23:46:07.270698,multiple
2024-03-09 23:46:07.270698,sentences,
2024-03-09 23:46:07.270698,with
2024-03-09 23:46:07.270698,each
2024-03-09 23:46:07.270698,sentence
2024-03-09 23:46:07.270698,containing
2024-03-09 23:46:07.270698,multiple
2024-03-09 23:46:07.270698,words.
2024-03-09 23:46:07.270698,Each
2024-03-09 23:46:07.270698,sentence
2024-03-09 23:46:07.270698,starts
2024-03-09 23:46:07.270698,with
2024-03-09 23:46:07.270698,a
2024-03-09 23:46:07.270698,capital
2024-03-09 23:46:07.270698,letter
2024-03-09 23:46:07.270698,and
2024-03-09 23:46:07.270698,ends
2024-03-09 23:46:07.270698,with
2024-03-09 23:46:07.270698,a
2024-03-09 23:46:07.270698,full
2024-03-09 23:46:07.270698,stop.
2024-03-09 23:46:08.089389,This
2024-03-09 23:46:08.089389,is
2024-03-09 23:46:08.089389,a
2024-03-09 23:46:08.089389,paragraph.
2024-03-09 23:46:08.089389,It
2024-03-09 23:46:08.089389,contains
2024-03-09 23:46:08.089389,multiple
2024-03-09 23:46:08.089389,sentences,
2024-03-09 23:46:08.089389,with
2024-03-09 23:46:08.089389,each
2024-03-09 23:46:08.089389,sentence
2024-03-09 23:46:08.089389,containing
2024-03-09 23:46:08.089389,multiple
2024-03-09 23:46:08.089389,words.
2024-03-09 23:46:08.089389,Each
2024-03-09 23:46:08.089389,sentence
2024-03-09 23:46:08.089389,starts
2024-03-09 23:46:08.089389,with
2024-03-09 23:46:08.089389,a
2024-03-09 23:46:08.089389,capital
2024-03-09 23:46:08.089389,letter
2024-03-09 23:46:08.089389,and
2024-03-09 23:46:08.089389,ends
2024-03-09 23:46:08.089389,with
2024-03-09 23:46:08.089389,a
2024-03-09 23:46:08.089389,full
2024-03-09 23:46:08.089389,stop.
2024-03-09 23:46:08.885246,This
2024-03-09 23:46:08.885246,is
2024-03-09 23:46:08.885246,a
2024-03-09 23:46:08.885246,paragraph.
2024-03-09 23:46:08.885246,It
2024-03-09 23:46:08.885246,contains
2024-03-09 23:46:08.885246,multiple
2024-03-09 23:46:08.885246,sentences,
2024-03-09 23:46:08.885246,with
2024-03-09 23:46:08.885246,each
2024-03-09 23:46:08.885246,sentence
2024-03-09 23:46:08.885246,containing
2024-03-09 23:46:08.885246,multiple
2024-03-09 23:46:08.885246,words.
2024-03-09 23:46:08.885246,Each
2024-03-09 23:46:08.885246,sentence
2024-03-09 23:46:08.885246,starts
2024-03-09 23:46:08.885246,with
2024-03-09 23:46:08.885246,a
2024-03-09 23:46:08.885246,capital
2024-03-09 23:46:08.885246,letter
2024-03-09 23:46:08.885246,and
2024-03-09 23:46:08.885246,ends
2024-03-09 23:46:08.885246,with
2024-03-09 23:46:08.885246,a
2024-03-09 23:46:08.885246,full
2024-03-09 23:46:08.885246,stop.
2024-03-09 23:46:09.692548,This
2024-03-09 23:46:09.693547,is
2024-03-09 23:46:09.693547,a
2024-03-09 23:46:09.693547,paragraph.
2024-03-09 23:46:09.693547,It
2024-03-09 23:46:09.693547,contains
2024-03-09 23:46:09.693547,multiple
2024-03-09 23:46:09.693547,sentences,
2024-03-09 23:46:09.693547,with
2024-03-09 23:46:09.693547,each
2024-03-09 23:46:09.693547,sentence
2024-03-09 23:46:09.693547,containing
2024-03-09 23:46:09.693547,multiple
2024-03-09 23:46:09.693547,words.
2024-03-09 23:46:09.693547,Each
2024-03-09 23:46:09.693547,sentence
2024-03-09 23:46:09.693547,starts
2024-03-09 23:46:09.693547,with
2024-03-09 23:46:09.693547,a
2024-03-09 23:46:09.693547,capital
2024-03-09 23:46:09.693547,letter
2024-03-09 23:46:09.693547,and
2024-03-09 23:46:09.693547,ends
2024-03-09 23:46:09.693547,with
2024-03-09 23:46:09.693547,a
2024-03-09 23:46:09.693547,full
2024-03-09 23:46:09.693547,stop.
2024-03-09 23:46:10.502501,This
2024-03-09 23:46:10.502501,is
2024-03-09 23:46:10.502501,a
2024-03-09 23:46:10.502501,paragraph.
2024-03-09 23:46:10.502501,It
2024-03-09 23:46:10.502501,contains
2024-03-09 23:46:10.502501,multiple
2024-03-09 23:46:10.502501,sentences,
2024-03-09 23:46:10.502501,with
2024-03-09 23:46:10.502501,each
2024-03-09 23:46:10.502501,sentence
2024-03-09 23:46:10.502501,containing
2024-03-09 23:46:10.503503,multiple
2024-03-09 23:46:10.503503,words.
2024-03-09 23:46:10.503503,Each
2024-03-09 23:46:10.503503,sentence
2024-03-09 23:46:10.503503,starts
2024-03-09 23:46:10.503503,with
2024-03-09 23:46:10.503503,a
2024-03-09 23:46:10.503503,capital
2024-03-09 23:46:10.503503,letter
2024-03-09 23:46:10.503503,and
2024-03-09 23:46:10.503503,ends
2024-03-09 23:46:10.503503,with
2024-03-09 23:46:10.503503,a
2024-03-09 23:46:10.503503,full
2024-03-09 23:46:10.503503,stop.
2024-03-09 23:46:11.368864,This
2024-03-09 23:46:11.368864,is
2024-03-09 23:46:11.368864,a
2024-03-09 23:46:11.368864,paragraph.
2024-03-09 23:46:11.368864,It
2024-03-09 23:46:11.368864,contains
2024-03-09 23:46:11.368864,multiple
2024-03-09 23:46:11.368864,sentences,
2024-03-09 23:46:11.368864,with
2024-03-09 23:46:11.368864,each
2024-03-09 23:46:11.368864,sentence
2024-03-09 23:46:11.368864,containing
2024-03-09 23:46:11.368864,multiple
2024-03-09 23:46:11.368864,words.
2024-03-09 23:46:11.368864,Each
2024-03-09 23:46:11.368864,sentence
2024-03-09 23:46:11.368864,starts
2024-03-09 23:46:11.368864,with
2024-03-09 23:46:11.368864,a
2024-03-09 23:46:11.368864,capital
2024-03-09 23:46:11.368864,letter
2024-03-09 23:46:11.368864,and
2024-03-09 23:46:11.368864,ends
2024-03-09 23:46:11.368864,with
2024-03-09 23:46:11.368864,a
2024-03-09 23:46:11.368864,full
2024-03-09 23:46:11.368864,stop.
2024-03-09 23:46:12.206640,This
2024-03-09 23:46:12.206640,is
2024-03-09 23:46:12.206640,a
2024-03-09 23:46:12.206640,paragraph.
2024-03-09 23:46:12.206640,It
2024-03-09 23:46:12.206640,contains
2024-03-09 23:46:12.206640,multiple
2024-03-09 23:46:12.206640,sentences,
2024-03-09 23:46:12.206640,with
2024-03-09 23:46:12.206640,each
2024-03-09 23:46:12.206640,sentence
2024-03-09 23:46:12.206640,containing
2024-03-09 23:46:12.206640,multiple
2024-03-09 23:46:12.206640,words.
2024-03-09 23:46:12.206640,Each
2024-03-09 23:46:12.206640,sentence
2024-03-09 23:46:12.206640,starts
2024-03-09 23:46:12.206640,with
2024-03-09 23:46:12.206640,a
2024-03-09 23:46:12.206640,capital
2024-03-09 23:46:12.206640,letter
2024-03-09 23:46:12.206640,and
2024-03-09 23:46:12.206640,ends
2024-03-09 23:46:12.206640,with
2024-03-09 23:46:12.206640,a
2024-03-09 23:46:12.206640,full
2024-03-09 23:46:12.206640,stop.
2024-03-09 23:46:13.079347,This
2024-03-09 23:46:13.079347,is
2024-03-09 23:46:13.079347,a
2024-03-09 23:46:13.079347,paragraph.
2024-03-09 23:46:13.079347,It
2024-03-09 23:46:13.079347,contains
2024-03-09 23:46:13.079347,multiple
2024-03-09 23:46:13.079347,sentences,
2024-03-09 23:46:13.079347,with
2024-03-09 23:46:13.079347,each
2024-03-09 23:46:13.079347,sentence
2024-03-09 23:46:13.079347,containing
2024-03-09 23:46:13.079347,multiple
2024-03-09 23:46:13.079347,words.
2024-03-09 23:46:13.079347,Each
2024-03-09 23:46:13.079347,sentence
2024-03-09 23:46:13.079347,starts
2024-03-09 23:46:13.079347,with
2024-03-09 23:46:13.079347,a
2024-03-09 23:46:13.079347,capital
2024-03-09 23:46:13.079347,letter
2024-03-09 23:46:13.079347,and
2024-03-09 23:46:13.079347,ends
2024-03-09 23:46:13.079347,with
2024-03-09 23:46:13.079347,a
2024-03-09 23:46:13.079347,full
2024-03-09 23:46:13.079347,stop.
2024-03-09 23:46:13.949117,This
2024-03-09 23:46:13.949117,is
2024-03-09 23:46:13.949117,a
2024-03-09 23:46:13.949117,paragraph.
2024-03-09 23:46:13.949117,It
2024-03-09 23:46:13.949117,contains
2024-03-09 23:46:13.949117,multiple
2024-03-09 23:46:13.949117,sentences,
2024-03-09 23:46:13.949117,with
2024-03-09 23:46:13.949117,each
2024-03-09 23:46:13.949117,sentence
2024-03-09 23:46:13.949117,containing
2024-03-09 23:46:13.949117,multiple
2024-03-09 23:46:13.949117,words.
2024-03-09 23:46:13.949117,Each
2024-03-09 23:46:13.949117,sentence
2024-03-09 23:46:13.949117,starts
2024-03-09 23:46:13.949117,with
2024-03-09 23:46:13.949117,a
2024-03-09 23:46:13.949117,capital
2024-03-09 23:46:13.949117,letter
2024-03-09 23:46:13.949117,and
2024-03-09 23:46:13.949117,ends
2024-03-09 23:46:13.949117,with
2024-03-09 23:46:13.949117,a
2024-03-09 23:46:13.949117,full
2024-03-09 23:46:13.949117,stop.
2024-03-09 23:46:14.808857,This
2024-03-09 23:46:14.808857,is
2024-03-09 23:46:14.808857,a
2024-03-09 23:46:14.808857,paragraph.
2024-03-09 23:46:14.808857,It
2024-03-09 23:46:14.808857,contains
2024-03-09 23:46:14.808857,multiple
2024-03-09 23:46:14.808857,sentences,
2024-03-09 23:46:14.808857,with
2024-03-09 23:46:14.808857,each
2024-03-09 23:46:14.808857,sentence
2024-03-09 23:46:14.808857,containing
2024-03-09 23:46:14.808857,multiple
2024-03-09 23:46:14.808857,words.
2024-03-09 23:46:14.808857,Each
2024-03-09 23:46:14.808857,sentence
2024-03-09 23:46:14.808857,starts
2024-03-09 23:46:14.808857,with
2024-03-09 23:46:14.808857,a
2024-03-09 23:46:14.808857,capital
2024-03-09 23:46:14.808857,letter
2024-03-09 23:46:14.808857,and
2024-03-09 23:46:14.808857,ends
2024-03-09 23:46:14.808857,with
2024-03-09 23:46:14.808857,a
2024-03-09 23:46:14.808857,full
2024-03-09 23:46:14.808857,stop.
2024-03-09 23:46:15.671231,This
2024-03-09 23:46:15.671231,is
2024-03-09 23:46:15.671231,a
2024-03-09 23:46:15.671231,paragraph.
2024-03-09 23:46:15.671231,It
2024-03-09 23:46:15.671231,contains
2024-03-09 23:46:15.671231,multiple
2024-03-09 23:46:15.671231,sentences,
2024-03-09 23:46:15.671231,with
2024-03-09 23:46:15.671231,each
2024-03-09 23:46:15.671231,sentence
2024-03-09 23:46:15.671231,containing
2024-03-09 23:46:15.671231,multiple
2024-03-09 23:46:15.671231,words.
2024-03-09 23:46:15.671231,Each
2024-03-09 23:46:15.671231,sentence
2024-03-09 23:46:15.671231,starts
2024-03-09 23:46:15.671231,with
2024-03-09 23:46:15.671231,a
2024-03-09 23:46:15.671231,capital
2024-03-09 23:46:15.671231,letter
2024-03-09 23:46:15.671231,and
2024-03-09 23:46:15.671231,ends
2024-03-09 23:46:15.671231,with
2024-03-09 23:46:15.671231,a
2024-03-09 23:46:15.671231,full
2024-03-09 23:46:15.671231,stop.
2024-03-09 23:46:16.527997,This
2024-03-09 23:46:16.527997,is
2024-03-09 23:46:16.527997,a
2024-03-09 23:46:16.527997,paragraph.
2024-03-09 23:46:16.527997,It
2024-03-09 23:46:16.527997,contains
2024-03-09 23:46:16.527997,multiple
2024-03-09 23:46:16.527997,sentences,
2024-03-09 23:46:16.527997,with
2024-03-09 23:46:16.527997,each
2024-03-09 23:46:16.527997,sentence
2024-03-09 23:46:16.527997,containing
2024-03-09 23:46:16.527997,multiple
2024-03-09 23:46:16.527997,words.
2024-03-09 23:46:16.527997,Each
2024-03-09 23:46:16.527997,sentence
2024-03-09 23:46:16.527997,starts
2024-03-09 23:46:16.527997,with
2024-03-09 23:46:16.527997,a
2024-03-09 23:46:16.527997,capital
2024-03-09 23:46:16.527997,letter
2024-03-09 23:46:16.527997,and
2024-03-09 23:46:16.527997,ends
2024-03-09 23:46:16.527997,with
2024-03-09 23:46:16.527997,a
2024-03-09 23:46:16.527997,full
2024-03-09 23:46:16.527997,stop.
2024-03-09 23:46:17.386766,This
2024-03-09 23:46:17.386766,is
2024-03-09 23:46:17.386766,a
2024-03-09 23:46:17.386766,paragraph.
2024-03-09 23:46:17.386766,It
2024-03-09 23:46:17.386766,contains
2024-03-09 23:46:17.386766,multiple
2024-03-09 23:46:17.386766,sentences,
2024-03-09 23:46:17.386766,with
2024-03-09 23:46:17.386766,each
2024-03-09 23:46:17.386766,sentence
2024-03-09 23:46:17.386766,containing
2024-03-09 23:46:17.386766,multiple
2024-03-09 23:46:17.386766,words.
2024-03-09 23:46:17.386766,Each
2024-03-09 23:46:17.386766,sentence
2024-03-09 23:46:17.386766,starts
2024-03-09 23:46:17.386766,with
2024-03-09 23:46:17.386766,a
2024-03-09 23:46:17.386766,capital
2024-03-09 23:46:17.386766,letter
2024-03-09 23:46:17.386766,and
2024-03-09 23:46:17.386766,ends
2024-03-09 23:46:17.386766,with
2024-03-09 23:46:17.386766,a
2024-03-09 23:46:17.386766,full
2024-03-09 23:46:17.386766,stop.
2024-03-09 23:46:18.229636,This
2024-03-09 23:46:18.229636,is
2024-03-09 23:46:18.229636,a
2024-03-09 23:46:18.229636,paragraph.
2024-03-09 23:46:18.229636,It
2024-03-09 23:46:18.229636,contains
2024-03-09 23:46:18.229636,multiple
2024-03-09 23:46:18.229636,sentences,
2024-03-09 23:46:18.229636,with
2024-03-09 23:46:18.229636,each
2024-03-09 23:46:18.229636,sentence
2024-03-09 23:46:18.229636,containing
2024-03-09 23:46:18.229636,multiple
2024-03-09 23:46:18.229636,words.
2024-03-09 23:46:18.229636,Each
2024-03-09 23:46:18.229636,sentence
2024-03-09 23:46:18.229636,starts
2024-03-09 23:46:18.229636,with
2024-03-09 23:46:18.229636,a
2024-03-09 23:46:18.229636,capital
2024-03-09 23:46:18.229636,letter
2024-03-09 23:46:18.229636,and
2024-03-09 23:46:18.229636,ends
2024-03-09 23:46:18.229636,with
2024-03-09 23:46:18.229636,a
2024-03-09 23:46:18.229636,full
2024-03-09 23:46:18.229636,stop.
2024-03-09 23:46:19.068869,This
2024-03-09 23:46:19.068869,is
2024-03-09 23:46:19.068869,a
2024-03-09 23:46:19.068869,paragraph.
2024-03-09 23:46:19.068869,It
2024-03-09 23:46:19.068869,contains
2024-03-09 23:46:19.068869,multiple
2024-03-09 23:46:19.068869,sentences,
2024-03-09 23:46:19.068869,with
2024-03-09 23:46:19.068869,each
2024-03-09 23:46:19.068869,sentence
2024-03-09 23:46:19.068869,containing
2024-03-09 23:46:19.068869,multiple
2024-03-09 23:46:19.068869,words.
2024-03-09 23:46:19.068869,Each
2024-03-09 23:46:19.068869,sentence
2024-03-09 23:46:19.068869,starts
2024-03-09 23:46:19.068869,with
2024-03-09 23:46:19.068869,a
2024-03-09 23:46:19.068869,capital
2024-03-09 23:46:19.068869,letter
2024-03-09 23:46:19.068869,and
2024-03-09 23:46:19.068869,ends
2024-03-09 23:46:19.068869,with
2024-03-09 23:46:19.068869,a
2024-03-09 23:46:19.068869,full
2024-03-09 23:46:19.069867,stop.
2024-03-09 23:46:19.915497,This
2024-03-09 23:46:19.915497,is
2024-03-09 23:46:19.915497,a
2024-03-09 23:46:19.915497,paragraph.
2024-03-09 23:46:19.915497,It
2024-03-09 23:46:19.915497,contains
2024-03-09 23:46:19.915497,multiple
2024-03-09 23:46:19.915497,sentences,
2024-03-09 23:46:19.915497,with
2024-03-09 23:46:19.915497,each
2024-03-09 23:46:19.915497,sentence
2024-03-09 23:46:19.915497,containing
2024-03-09 23:46:19.915497,multiple
2024-03-09 23:46:19.915497,words.
2024-03-09 23:46:19.915497,Each
2024-03-09 23:46:19.915497,sentence
2024-03-09 23:46:19.915497,starts
2024-03-09 23:46:19.915497,with
2024-03-09 23:46:19.915497,a
2024-03-09 23:46:19.915497,capital
2024-03-09 23:46:19.915497,letter
2024-03-09 23:46:19.915497,and
2024-03-09 23:46:19.915497,ends
2024-03-09 23:46:19.915497,with
2024-03-09 23:46:19.915497,a
2024-03-09 23:46:19.915497,full
2024-03-09 23:46:19.915497,stop.
2024-03-09 23:46:20.761314,This
2024-03-09 23:46:20.761314,is
2024-03-09 23:46:20.761314,a
2024-03-09 23:46:20.761314,paragraph.
2024-03-09 23:46:20.761314,It
2024-03-09 23:46:20.761314,contains
2024-03-09 23:46:20.761314,multiple
2024-03-09 23:46:20.761314,sentences,
2024-03-09 23:46:20.761314,with
2024-03-09 23:46:20.761314,each
2024-03-09 23:46:20.761314,sentence
2024-03-09 23:46:20.761314,containing
2024-03-09 23:46:20.761314,multiple
2024-03-09 23:46:20.761314,words.
2024-03-09 23:46:20.761314,Each
2024-03-09 23:46:20.761314,sentence
2024-03-09 23:46:20.761314,starts
2024-03-09 23:46:20.761314,with
2024-03-09 23:46:20.761314,a
2024-03-09 23:46:20.761314,capital
2024-03-09 23:46:20.761314,letter
2024-03-09 23:46:20.762341,and
2024-03-09 23:46:20.762341,ends
2024-03-09 23:46:20.762341,with
2024-03-09 23:46:20.762341,a
2024-03-09 23:46:20.762341,full
2024-03-09 23:46:20.762341,stop.
2024-03-09 23:46:21.658554,This
2024-03-09 23:46:21.658554,is
2024-03-09 23:46:21.658554,a
2024-03-09 23:46:21.658554,paragraph.
2024-03-09 23:46:21.658554,It
2024-03-09 23:46:21.658554,contains
2024-03-09 23:46:21.658554,multiple
2024-03-09 23:46:21.658554,sentences,
2024-03-09 23:46:21.658554,with
2024-03-09 23:46:21.658554,each
2024-03-09 23:46:21.658554,sentence
2024-03-09 23:46:21.658554,containing
2024-03-09 23:46:21.658554,multiple
2024-03-09 23:46:21.658554,words.
2024-03-09 23:46:21.658554,Each
2024-03-09 23:46:21.658554,sentence
2024-03-09 23:46:21.658554,starts
2024-03-09 23:46:21.658554,with
2024-03-09 23:46:21.658554,a
2024-03-09 23:46:21.658554,capital
2024-03-09 23:46:21.658554,letter
2024-03-09 23:46:21.658554,and
2024-03-09 23:46:21.658554,ends
2024-03-09 23:46:21.658554,with
2024-03-09 23:46:21.658554,a
2024-03-09 23:46:21.658554,full
2024-03-09 23:46:21.658554,stop.
2024-03-09 23:46:22.535457,This
2024-03-09 23:46:22.535457,is
2024-03-09 23:46:22.535457,a
2024-03-09 23:46:22.535457,paragraph.
2024-03-09 23:46:22.535457,It
2024-03-09 23:46:22.535457,contains
2024-03-09 23:46:22.535457,multiple
2024-03-09 23:46:22.535457,sentences,
2024-03-09 23:46:22.535457,with
2024-03-09 23:46:22.535457,each
2024-03-09 23:46:22.535457,sentence
2024-03-09 23:46:22.535457,containing
2024-03-09 23:46:22.535457,multiple
2024-03-09 23:46:22.535457,words.
2024-03-09 23:46:22.535457,Each
2024-03-09 23:46:22.535457,sentence
2024-03-09 23:46:22.535457,starts
2024-03-09 23:46:22.535457,with
2024-03-09 23:46:22.535457,a
2024-03-09 23:46:22.535457,capital
2024-03-09 23:46:22.535457,letter
2024-03-09 23:46:22.535457,and
2024-03-09 23:46:22.535457,ends
2024-03-09 23:46:22.535457,with
2024-03-09 23:46:22.535457,a
2024-03-09 23:46:22.535457,full
2024-03-09 23:46:22.535457,stop.
2024-03-09 23:46:23.425123,This
2024-03-09 23:46:23.425123,is
2024-03-09 23:46:23.425123,a
2024-03-09 23:46:23.425123,paragraph.
2024-03-09 23:46:23.425123,It
2024-03-09 23:46:23.425123,contains
2024-03-09 23:46:23.425123,multiple
2024-03-09 23:46:23.425123,sentences,
2024-03-09 23:46:23.425123,with
2024-03-09 23:46:23.425123,each
2024-03-09 23:46:23.425123,sentence
2024-03-09 23:46:23.425123,containing
2024-03-09 23:46:23.425123,multiple
2024-03-09 23:46:23.425123,words.
2024-03-09 23:46:23.425123,Each
2024-03-09 23:46:23.425123,sentence
2024-03-09 23:46:23.425123,starts
2024-03-09 23:46:23.425123,with
2024-03-09 23:46:23.425123,a
2024-03-09 23:46:23.425123,capital
2024-03-09 23:46:23.425123,letter
2024-03-09 23:46:23.425123,and
2024-03-09 23:46:23.425123,ends
2024-03-09 23:46:23.425123,with
2024-03-09 23:46:23.425123,a
2024-03-09 23:46:23.425123,full
2024-03-09 23:46:23.425123,stop.
2024-03-09 23:46:24.418470,This
2024-03-09 23:46:24.418470,is
2024-03-09 23:46:24.418470,a
2024-03-09 23:46:24.418470,paragraph.
2024-03-09 23:46:24.418470,It
2024-03-09 23:46:24.418470,contains
2024-03-09 23:46:24.418470,multiple
2024-03-09 23:46:24.418470,sentences,
2024-03-09 23:46:24.418470,with
2024-03-09 23:46:24.418470,each
2024-03-09 23:46:24.418470,sentence
2024-03-09 23:46:24.418470,containing
2024-03-09 23:46:24.418470,multiple
2024-03-09 23:46:24.418470,words.
2024-03-09 23:46:24.418470,Each
2024-03-09 23:46:24.418470,sentence
2024-03-09 23:46:24.418470,starts
2024-03-09 23:46:24.418470,with
2024-03-09 23:46:24.418470,a
2024-03-09 23:46:24.419471,capital
2024-03-09 23:46:24.419471,letter
2024-03-09 23:46:24.419471,and
2024-03-09 23:46:24.419471,ends
2024-03-09 23:46:24.419471,with
2024-03-09 23:46:24.419471,a
2024-03-09 23:46:24.419471,full
2024-03-09 23:46:24.419471,stop.
2024-03-09 23:46:25.375487,This
2024-03-09 23:46:25.375487,is
2024-03-09 23:46:25.375487,a
2024-03-09 23:46:25.375487,paragraph.
2024-03-09 23:46:25.375487,It
2024-03-09 23:46:25.375487,contains
2024-03-09 23:46:25.375487,multiple
2024-03-09 23:46:25.375487,sentences,
2024-03-09 23:46:25.375487,with
2024-03-09 23:46:25.375487,each
2024-03-09 23:46:25.375487,sentence
2024-03-09 23:46:25.375487,containing
2024-03-09 23:46:25.375487,multiple
2024-03-09 23:46:25.375487,words.
2024-03-09 23:46:25.375487,Each
2024-03-09 23:46:25.375487,sentence
2024-03-09 23:46:25.375487,starts
2024-03-09 23:46:25.375487,with
2024-03-09 23:46:25.375487,a
2024-03-09 23:46:25.375487,capital
2024-03-09 23:46:25.375487,letter
2024-03-09 23:46:25.375487,and
2024-03-09 23:46:25.375487,ends
2024-03-09 23:46:25.375487,with
2024-03-09 23:46:25.375487,a
2024-03-09 23:46:25.375487,full
2024-03-09 23:46:25.375487,stop.
2024-03-09 23:46:26.239137,This
2024-03-09 23:46:26.239137,is
2024-03-09 23:46:26.239137,a
2024-03-09 23:46:26.239137,paragraph.
2024-03-09 23:46:26.239137,It
2024-03-09 23:46:26.239137,contains
2024-03-09 23:46:26.239137,multiple
2024-03-09 23:46:26.239137,sentences,
2024-03-09 23:46:26.239137,with
2024-03-09 23:46:26.239137,each
2024-03-09 23:46:26.239137,sentence
2024-03-09 23:46:26.239137,containing
2024-03-09 23:46:26.239137,multiple
2024-03-09 23:46:26.239137,words.
2024-03-09 23:46:26.239137,Each
2024-03-09 23:46:26.239137,sentence
2024-03-09 23:46:26.239137,starts
2024-03-09 23:46:26.239137,with
2024-03-09 23:46:26.239137,a
2024-03-09 23:46:26.239137,capital
2024-03-09 23:46:26.239137,letter
2024-03-09 23:46:26.239137,and
2024-03-09 23:46:26.239137,ends
2024-03-09 23:46:26.239137,with
2024-03-09 23:46:26.239137,a
2024-03-09 23:46:26.239137,full
2024-03-09 23:46:26.239137,stop.
2024-03-09 23:46:27.022642,This
2024-03-09 23:46:27.022642,is
2024-03-09 23:46:27.022642,a
2024-03-09 23:46:27.022642,paragraph.
2024-03-09 23:46:27.022642,It
2024-03-09 23:46:27.022642,contains
2024-03-09 23:46:27.022642,multiple
2024-03-09 23:46:27.022642,sentences,
2024-03-09 23:46:27.022642,with
2024-03-09 23:46:27.022642,each
2024-03-09 23:46:27.022642,sentence
2024-03-09 23:46:27.022642,containing
2024-03-09 23:46:27.022642,multiple
2024-03-09 23:46:27.022642,words.
2024-03-09 23:46:27.022642,Each
2024-03-09 23:46:27.022642,sentence
2024-03-09 23:46:27.022642,starts
2024-03-09 23:46:27.022642,with
2024-03-09 23:46:27.022642,a
2024-03-09 23:46:27.022642,capital
2024-03-09 23:46:27.022642,letter
2024-03-09 23:46:27.022642,and
2024-03-09 23:46:27.022642,ends
2024-03-09 23:46:27.022642,with
2024-03-09 23:46:27.022642,a
2024-03-09 23:46:27.022642,full
2024-03-09 23:46:27.022642,stop.
2024-03-09 23:46:27.908809,This
2024-03-09 23:46:27.908809,is
2024-03-09 23:46:27.908809,a
2024-03-09 23:46:27.908809,paragraph.
2024-03-09 23:46:27.908809,It
2024-03-09 23:46:27.908809,contains
2024-03-09 23:46:27.908809,multiple
2024-03-09 23:46:27.908809,sentences,
2024-03-09 23:46:27.908809,with
2024-03-09 23:46:27.908809,each
2024-03-09 23:46:27.908809,sentence
2024-03-09 23:46:27.908809,containing
2024-03-09 23:46:27.908809,multiple
2024-03-09 23:46:27.908809,words.
2024-03-09 23:46:27.908809,Each
2024-03-09 23:46:27.908809,sentence
2024-03-09 23:46:27.908809,starts
2024-03-09 23:46:27.908809,with
2024-03-09 23:46:27.908809,a
2024-03-09 23:46:27.908809,capital
2024-03-09 23:46:27.908809,letter
2024-03-09 23:46:27.908809,and
2024-03-09 23:46:27.908809,ends
2024-03-09 23:46:27.908809,with
2024-03-09 23:46:27.908809,a
2024-03-09 23:46:27.908809,full
2024-03-09 23:46:27.908809,stop.
2024-03-09 23:46:28.746448,This
2024-03-09 23:46:28.746448,is
2024-03-09 23:46:28.746448,a
2024-03-09 23:46:28.746448,paragraph.
2024-03-09 23:46:28.746448,it
2024-03-09 23:46:28.746448,contains
2024-03-09 23:46:28.746448,multiple
2024-03-09 23:46:28.746448,sentences,
2024-03-09 23:46:28.746448,with
2024-03-09 23:46:28.746448,each
2024-03-09 23:46:28.746448,sentence
2024-03-09 23:46:28.746448,containing
2024-03-09 23:46:28.746448,multiple
2024-03-09 23:46:28.746448,words.
2024-03-09 23:46:28.746448,Each
2024-03-09 23:46:28.746448,sentence
2024-03-09 23:46:28.746448,starts
2024-03-09 23:46:28.746448,with
2024-03-09 23:46:28.746448,a
2024-03-09 23:46:28.746448,capital
2024-03-09 23:46:28.746448,letter
2024-03-09 23:46:28.746448,and
2024-03-09 23:46:28.746448,ends
2024-03-09 23:46:28.746448,with
2024-03-09 23:46:28.746448,a
2024-03-09 23:46:28.746448,full
2024-03-09 23:46:28.746448,stop.
2024-03-09 23:46:29.589716,This
2024-03-09 23:46:29.589716,is
2024-03-09 23:46:29.589716,a
2024-03-09 23:46:29.589716,paragraph.
2024-03-09 23:46:29.589716,it
2024-03-09 23:46:29.589716,contains
2024-03-09 23:46:29.589716,multiple
2024-03-09 23:46:29.589716,sentences,
2024-03-09 23:46:29.589716,with
2024-03-09 23:46:29.589716,each
2024-03-09 23:46:29.589716,sentence
2024-03-09 23:46:29.589716,containing
2024-03-09 23:46:29.589716,multiple
2024-03-09 23:46:29.589716,words.
2024-03-09 23:46:29.589716,Each
2024-03-09 23:46:29.589716,sentence
2024-03-09 23:46:29.589716,starts
2024-03-09 23:46:29.589716,with
2024-03-09 23:46:29.589716,a
2024-03-09 23:46:29.589716,capital
2024-03-09 23:46:29.589716,letter
2024-03-09 23:46:29.589716,and
2024-03-09 23:46:29.589716,ends
2024-03-09 23:46:29.589716,with
2024-03-09 23:46:29.589716,a
2024-03-09 23:46:29.589716,full
2024-03-09 23:46:29.589716,stop.
2024-03-09 23:46:30.448874,This
2024-03-09 23:46:30.448874,is
2024-03-09 23:46:30.448874,a
2024-03-09 23:46:30.448874,paragraph.
2024-03-09 23:46:30.448874,it
2024-03-09 23:46:30.448874,contains
2024-03-09 23:46:30.448874,multiple
2024-03-09 23:46:30.448874,sentences,
2024-03-09 23:46:30.448874,with
2024-03-09 23:46:30.448874,each
2024-03-09 23:46:30.448874,sentence
2024-03-09 23:46:30.448874,containing
2024-03-09 23:46:30.448874,multiple
2024-03-09 23:46:30.448874,words.
2024-03-09 23:46:30.448874,Each
2024-03-09 23:46:30.448874,sentence
2024-03-09 23:46:30.448874,starts
2024-03-09 23:46:30.448874,with
2024-03-09 23:46:30.448874,a
2024-03-09 23:46:30.448874,capital
2024-03-09 23:46:30.448874,letter
2024-03-09 23:46:30.448874,and
2024-03-09 23:46:30.448874,ends
2024-03-09 23:46:30.448874,with
2024-03-09 23:46:30.448874,a
2024-03-09 23:46:30.448874,full
2024-03-09 23:46:30.448874,stop.
